epoch,time,train/box_loss,train/cls_loss,train/dfl_loss,metrics/precision(B),metrics/recall(B),metrics/mAP50(B),metrics/mAP50-95(B),val/box_loss,val/cls_loss,val/dfl_loss,lr/pg0,lr/pg1,lr/pg2
1,146.785,1.46021,1.1012,0.99124,0.43441,0.48187,0.3089,0.12694,1.63835,3.17755,1.16963,0.000664523,0.000664523,0.000664523
2,251.669,1.48276,0.81595,1.01706,0.2987,0.44138,0.20703,0.08501,1.68191,4.22534,1.20306,0.00131801,0.00131801,0.00131801
3,372.524,1.43056,0.76993,0.99476,0.51964,0.47668,0.39963,0.17666,1.65249,1.68034,1.19316,0.0019583,0.0019583,0.0019583
4,477.96,1.36684,0.74167,0.98422,0.51554,0.52332,0.44005,0.21611,1.55212,2.16619,1.1281,0.0019406,0.0019406,0.0019406
5,612.099,1.32746,0.7252,0.97428,0.55166,0.60622,0.50734,0.20294,1.50246,2.83399,1.09823,0.0019208,0.0019208,0.0019208
6,743.135,1.31145,0.70687,0.96352,0.55166,0.58655,0.5324,0.24333,1.54339,2.09435,1.14281,0.001901,0.001901,0.001901
