epoch,time,train/box_loss,train/cls_loss,train/dfl_loss,metrics/precision(B),metrics/recall(B),metrics/mAP50(B),metrics/mAP50-95(B),val/box_loss,val/cls_loss,val/dfl_loss,lr/pg0,lr/pg1,lr/pg2
1,187.356,1.89691,3.55656,1.17887,0.57424,0.5,0.45421,0.19547,1.98928,1.81817,1.5201,0.000659574,0.000659574,0.000659574
2,313.365,1.9492,1.46196,1.23857,0.0251,0.59223,0.018,0.00734,2.10585,137.3,1.56698,0.00131311,0.00131311,0.00131311
3,438.989,1.95645,1.22937,1.2412,0.5259,0.50618,0.48471,0.20288,2.12866,1.77492,1.45451,0.00195345,0.00195345,0.00195345
4,562.748,1.88728,1.19968,1.21013,0.39607,0.56311,0.35931,0.1436,2.01223,5.03009,1.40498,0.0019406,0.0019406,0.0019406
